Item,Sub Item,"Unit Name e.g. litre, gram","Unit qty i.e. 1.5, 1, etc",Grams,Cal.,Protein,Fat,Carbs,Fiber,"eat type , in = 1, out = 0",extra units qty,Meal applied to,Exclusive to
Bread / Breakfast Carbs,"BREAD,MULTI/WHL GRAIN",slice,0.5,13,34,1.7,0.5,5.6,1,GROCERY,"0.125,0.25,0.375,0.625,0.75,0.875,1,1.125,1.25,1.375,1.5,1.625,1.75,1.875,2,2.125,2.25,2.375,2.5,2.625,2.75,2.875,3,3.125,3.25,3.375,3.5,3.625,3.75,3.875,4",1,
,"BREAD,PITA,WHOLE-WHEAT",pita (6.5 dia),0.5,32,85,3.1,8,17.6,2.4,GROCERY,"0.125,0.25,0.375,0.625,0.75,0.875,1,1.125,1.25,1.375,1.5,1.625,1.75,1.875,2,2.125,2.25,2.375,2.5,2.625,2.75,2.875,3,3.125,3.25,3.375,3.5,3.625,3.75,3.875,4",3,
,"ENGLISH MUFFINS,MIXED-GRAIN",cup,0.5,33,78,3,0.6,15.3,0.9,GROCERY,"0.125,0.25,0.375,0.625,0.75,0.875,1,1.125,1.25,1.375,1.5,1.625,1.75,1.875,2,2.125,2.25,2.375,2.5,2.625,2.75,2.875,3,3.125,3.25,3.375,3.5,3.625,3.75,3.875,4",,
,"FRENCH TOAST,PREP FROM RECIPE",slice,0.5,32.5,74,2.5,3.5,8.1,0,GROCERY,"0.125,0.25,0.375,0.625,0.75,0.875,1,1.125,1.25,1.375,1.5,1.625,1.75,1.875,2,2.125,2.25,2.375,2.5,2.625,2.75,2.875,3,3.125,3.25,3.375,3.5,3.625,3.75,3.875,4",,
,"PANCAKES,PLN,PREP FROM RECIPE",pancake,0.5,19,43,1.2,1.8,5.4,0,GROCERY,"0.125,0.25,0.375,0.625,0.75,0.875,1,1.125,1.25,1.375,1.5,1.625,1.75,1.875,2,2.125,2.25,2.375,2.5,2.625,2.75,2.875,3,3.125,3.25,3.375,3.5,3.625,3.75,3.875,4",,
Cereals,CEREALS FROSTED CHEERIOS,cup,0.5,18.7,73,1.3,0.7,15.5,0.8,GROCERY,"0.125,0.25,0.375,0.625,0.75,0.875,1,1.125,1.25,1.375,1.5,1.625,1.75,1.875,2,2.125,2.25,2.375,2.5,2.625,2.75,2.875,3,3.125,3.25,3.375,3.5,3.625,3.75,3.875,4",,
,CEREALS CRISPY RICE,cup,0.5,13.2,48,0.9,0.2,11.4,0.1,GROCERY,"0.125,0.25,0.375,0.625,0.75,0.875,1,1.125,1.25,1.375,1.5,1.625,1.75,1.875,2,2.125,2.25,2.375,2.5,2.625,2.75,2.875,3,3.125,3.25,3.375,3.5,3.625,3.75,3.875,4",,
,CEREALS CORN POPS,cup,0.5,15.5,59,0.6,0.1,14,0.1,GROCERY,"0.125,0.25,0.375,0.625,0.75,0.875,1,1.125,1.25,1.375,1.5,1.625,1.75,1.875,2,2.125,2.25,2.375,2.5,2.625,2.75,2.875,3,3.125,3.25,3.375,3.5,3.625,3.75,3.875,4",,
,"CEREALS WHEAT GERM,TSTD,PLN",cup,0.5,56.5,216,16.4,6,28,8.5,GROCERY,"0.125,0.25,0.375,0.625,0.75,0.875,1,1.125,1.25,1.375,1.5,1.625,1.75,1.875,2,2.125,2.25,2.375,2.5,2.625,2.75,2.875,3,3.125,3.25,3.375,3.5,3.625,3.75,3.875,4",,
,"CEREALS MULTIGRAIN OATS,DRY",cup,1,80,266,9,2.1,58.8,9.6,GROCERY,"0.125,0.25,0.375,0.5,0.625,0.75,0.875,1.125,1.25,1.375,1.5,1.625,1.75,1.875,2,2.125,2.25,2.375,2.5,2.625,2.75,2.875,3,3.125,3.25,3.375,3.5,3.625,3.75,3.875,4",1,
,CEREALS GRANOLA OATS & HONEY,cup,0.125,12,51,1.2,1.5,8.7,0.8,GROCERY,"0.25,0.375,0.5,0.625,0.75,0.875,1,1.125,1.25,1.375,1.5,1.625,1.75,1.875,2,2.125,2.25,2.375,2.5,2.625,2.75,2.875,3,3.125,3.25,3.375,3.5,3.625,3.75,3.875,4",,
,"CEREALS WHL WHEAT,SHREDDED",cup,0.5,26,100,2.6,1,21.1,2,GROCERY,"0.125,0.25,0.375,0.625,0.75,0.875,1,1.125,1.25,1.375,1.5,1.625,1.75,1.875,2,2.125,2.25,2.375,2.5,2.625,2.75,2.875,3,3.125,3.25,3.375,3.5,3.625,3.75,3.875,4",,
Dairy & Egg,"YOGURT,PLAIN,WHL MILK",cup,0.25,61.3,37,2.1,2,2.9,0,GROCERY,"0.125,0.375,0.5,0.625,0.75,0.875,1,1.125,1.25,1.375,1.5,1.625,1.75,1.875,2,2.125,2.25,2.375,2.5,2.625,2.75,2.875,3,3.125,3.25,3.375,3.5,3.625,3.75,3.875,4",,
,"MILK,LOWFAT, 2%",cup,0.5,122,61,4,2.4,5.7,0,GROCERY,"0.125,0.25,0.375,0.625,0.75,0.875,1,1.125,1.25,1.375,1.5,1.625,1.75,1.875,2,2.125,2.25,2.375,2.5,2.625,2.75,2.875,3,3.125,3.25,3.375,3.5,3.625,3.75,3.875,4",,
,"MILK,WHOLE,3.25% ",cup,0.25,61,37,2,2,2.8,0,GROCERY,"0.125,0.375,0.5,0.625,0.75,0.875,1,1.125,1.25,1.375,1.5,1.625,1.75,1.875,2,2.125,2.25,2.375,2.5,2.625,2.75,2.875,3,3.125,3.25,3.375,3.5,3.625,3.75,3.875,4",,
,"MILK,SKIM",cup,1,245,83,8.3,0.2,12.2,0,GROCERY,"0.125,0.25,0.375,0.5,0.625,0.75,0.875,1.125,1.25,1.375,1.5,1.625,1.75,1.875,2,2.125,2.25,2.375,2.5,2.625,2.75,2.875,3,3.125,3.25,3.375,3.5,3.625,3.75,3.875,4",7,
,"CHEESE,PROVOLONE",oz,0.5,14,49,3.6,3.7,0.3,0,GROCERY,"0.125,0.25,0.375,0.625,0.75,0.875,1,1.125,1.25,1.375,1.5,1.625,1.75,1.875,2,2.125,2.25,2.375,2.5,2.625,2.75,2.875,3,3.125,3.25,3.375,3.5,3.625,3.75,3.875,4",,
,"CHEESE,SWISS",cu. in. ,1,24,91,6.5,6.7,1.3,0,GROCERY,"0.125,0.25,0.375,0.5,0.625,0.75,0.875,1.125,1.25,1.375,1.5,1.625,1.75,1.875,2,2.125,2.25,2.375,2.5,2.625,2.75,2.875,3,3.125,3.25,3.375,3.5,3.625,3.75,3.875,4",,
,"CHEESE,COTTAGE,LOWFAT,1% ",cup,1,226,163,28,2.3,6.1,0,GROCERY,"0.125,0.25,0.375,0.5,0.625,0.75,0.875,1.125,1.25,1.375,1.5,1.625,1.75,1.875,2,2.125,2.25,2.375,2.5,2.625,2.75,2.875,3,3.125,3.25,3.375,3.5,3.625,3.75,3.875,4","3,6",
,"YOGURT,PLAIN,SKIM MILK,",cup,0.25,61.3,34,3.5,0.1,4.7,0,GROCERY,"0.125,0.375,0.5,0.625,0.75,0.875,1,1.125,1.25,1.375,1.5,1.625,1.75,1.875,2,2.125,2.25,2.375,2.5,2.625,2.75,2.875,3,3.125,3.25,3.375,3.5,3.625,3.75,3.875,4",,
,"MILK,CHOCOLATE",cup,1,250,208,7.9,8.5,25.9,2,GROCERY,"0.125,0.25,0.375,0.5,0.625,0.75,0.875,1.125,1.25,1.375,1.5,1.625,1.75,1.875,2,2.125,2.25,2.375,2.5,2.625,2.75,2.875,3,3.125,3.25,3.375,3.5,3.625,3.75,3.875,4",,
,"CREAM,HALF AND HALF",tbsp,1,15,20,0.4,1.7,0.6,0,GROCERY,"0.125,0.25,0.375,0.5,0.625,0.75,0.875,1.125,1.25,1.375,1.5,1.625,1.75,1.875,2,2.125,2.25,2.375,2.5,2.625,2.75,2.875,3,3.125,3.25,3.375,3.5,3.625,3.75,3.875,4",,
,"EGG,WHITE,RAW",cup,1,244,117,26.6,0.4,1.8,0,GROCERY,"0.125,0.25,0.375,0.5,0.625,0.75,0.875,1.125,1.25,1.375,1.5,1.625,1.75,1.875,2,2.125,2.25,2.375,2.5,2.625,2.75,2.875,3,3.125,3.25,3.375,3.5,3.625,3.75,3.875,4",1,
,"EGG,WHOLE,RAW",Large,1,56,80,7,5.6,0.4,0,GROCERY,"0.125,0.25,0.375,0.5,0.625,0.75,0.875,1.125,1.25,1.375,1.5,1.625,1.75,1.875,2,2.125,2.25,2.375,2.5,2.625,2.75,2.875,3,3.125,3.25,3.375,3.5,3.625,3.75,3.875,4",1,
Fish & Seafood,"BASS,FRESH H2O,MIXED SP,RAW",fillet,0.5,39.5,45,7.4,1.5,0,0,GROCERY,"0.125,0.25,0.375,0.625,0.75,0.875,1,1.125,1.25,1.375,1.5,1.625,1.75,1.875,2,2.125,2.25,2.375,2.5,2.625,2.75,2.875,3,3.125,3.25,3.375,3.5,3.625,3.75,3.875,4",,
,"SALMON,PINK,RAW",fillet,0.5,159,184,31.7,5.5,0,0,GROCERY,"0.125,0.25,0.375,0.5,0.625,0.75,0.875,1,1.125,1.25,1.375,1.5,1.625,1.75,1.875,2,2.125,2.25,2.375,2.5,2.625,2.75,2.875,3,3.125,3.25,3.375,3.5,3.625,3.75,3.875,4",,
,"TUNA,LT,CND IN H2O,DRAINED ",cup,0.25,38.5,45,9.8,0.3,0,0,GROCERY,"0.125,0.375,0.5,0.625,0.75,0.875,1,1.125,1.25,1.375,1.5,1.625,1.75,1.875,2,2.125,2.25,2.375,2.5,2.625,2.75,2.875,3,3.125,3.25,3.375,3.5,3.625,3.75,3.875,4",,
,"CATFISH,CHANNEL,WILD,RAW",fillet,1,159,151,26,4.5,0,0,GROCERY,"0.125,0.25,0.375,0.5,0.625,0.75,0.875,1.125,1.25,1.375,1.5,1.625,1.75,1.875,2,2.125,2.25,2.375,2.5,2.625,2.75,2.875,3,3.125,3.25,3.375,3.5,3.625,3.75,3.875,4",,
,"CRAB,ALASKA KING,RAW",leg,1,172,144,31.5,1,0,0,GROCERY,"0.125,0.25,0.375,0.5,0.625,0.75,0.875,1.125,1.25,1.375,1.5,1.625,1.75,1.875,2,2.125,2.25,2.375,2.5,2.625,2.75,2.875,3,3.125,3.25,3.375,3.5,3.625,3.75,3.875,4",,
Vegetables,"BROCCOLI,RAW",cup,1,91,31,2.6,0.3,6,2.4,GROCERY,"0.125,0.25,0.375,0.5,0.625,0.75,0.875,1.125,1.25,1.375,1.5,1.625,1.75,1.875,2,2.125,2.25,2.375,2.5,2.625,2.75,2.875,3,3.125,3.25,3.375,3.5,3.625,3.75,3.875,4",2,
,"ASPARAGUS,RAW",spear,10,120,24,2.6,0.1,4.7,2.5,GROCERY,"1,2,3,4,5,6,7,8,9,11,12,13,14,15,16,17,18,19,20,21,22,23,24,25,26,27,28,29,30",5,
,"SWEET POTATO,RAW",potato,0.5,65,56,1,0,13.1,2,GROCERY,"0.5,1,1.5,2,2.5,3,3.5,4,4.5,5,5.5,6,6.5,7,7.5,8,8.5,9,9.5,10,10.5,11,11.5,12",5,
,"BEANS,GREEN,RAW",cup,1,110,34,2,0.1,7.8,3.7,GROCERY,"0.125,0.25,0.375,0.5,0.625,0.75,0.875,1.125,1.25,1.375,1.5,1.625,1.75,1.875,2,2.125,2.25,2.375,2.5,2.625,2.75,2.875,3,3.125,3.25,3.375,3.5,3.625,3.75,3.875,4",,
,"LETTUCE,COS OR ROMAINE,RAW",cup,1,47,8,0.6,0.1,1.5,1,GROCERY,"0.125,0.25,0.375,0.5,0.625,0.75,0.875,1.125,1.25,1.375,1.5,1.625,1.75,1.875,2,2.125,2.25,2.375,2.5,2.625,2.75,2.875,3,3.125,3.25,3.375,3.5,3.625,3.75,3.875,4",,
,"CARROTS,RAW",cup,1,128,52,1.2,0.3,12.3,3.6,GROCERY,"0.125,0.25,0.375,0.5,0.625,0.75,0.875,1.125,1.25,1.375,1.5,1.625,1.75,1.875,2,2.125,2.25,2.375,2.5,2.625,2.75,2.875,3,3.125,3.25,3.375,3.5,3.625,3.75,3.875,4",4,
Fruits,"APPLES,RAW,WITH SKIN",cup,0.5,62.5,33,0.2,0.1,8.6,1.5,GROCERY,"0.125,0.25,0.375,0.625,0.75,0.875,1,1.125,1.25,1.375,1.5,1.625,1.75,1.875,2,2.125,2.25,2.375,2.5,2.625,2.75,2.875,3,3.125,3.25,3.375,3.5,3.625,3.75,3.875,4",3,
,"BANANAS,RAW",banana,0.5,59,53,0.6,0.2,13.5,1.5,GROCERY,"0.125,0.25,0.375,0.625,0.75,0.875,1,1.125,1.25,1.375,1.5,1.625,1.75,1.875,2,2.125,2.25,2.375,2.5,2.625,2.75,2.875,3,3.125,3.25,3.375,3.5,3.625,3.75,3.875,4",7,
,"STRAWBERRIES,RAW",cup,0.25,38,12,0.3,0.1,2.9,0.8,GROCERY,"0.125,0.375,0.5,0.625,0.75,0.875,1,1.125,1.25,1.375,1.5,1.625,1.75,1.875,2,2.125,2.25,2.375,2.5,2.625,2.75,2.875,3,3.125,3.25,3.375,3.5,3.625,3.75,3.875,4","1,6,7",
,"GRAPES,RAW",cup,0.25,23,15,0.1,0.1,3.9,0.2,GROCERY,"0.125,0.375,0.5,0.625,0.75,0.875,1,1.125,1.25,1.375,1.5,1.625,1.75,1.875,2,2.125,2.25,2.375,2.5,2.625,2.75,2.875,3,3.125,3.25,3.375,3.5,3.625,3.75,3.875,4",,
,"PINEAPPLE,RAW",cup,1,165,83,0.9,0.2,21.6,2.3,GROCERY,"0.125,0.25,0.375,0.5,0.625,0.75,0.875,1.125,1.25,1.375,1.5,1.625,1.75,1.875,2,2.125,2.25,2.375,2.5,2.625,2.75,2.875,3,3.125,3.25,3.375,3.5,3.625,3.75,3.875,4",1,
,"BLUEBERRIES,RAW",cup,1,147,84,1.1,0.5,21.3,3.5,GROCERY,"0.125,0.25,0.375,0.5,0.625,0.75,0.875,1.125,1.25,1.375,1.5,1.625,1.75,1.875,2,2.125,2.25,2.375,2.5,2.625,2.75,2.875,3,3.125,3.25,3.375,3.5,3.625,3.75,3.875,4",,
,"RASPBERRIES,RAW",cup,0.625,76.9,40,0.9,0.5,9.2,5,GROCERY,"0.125,0.25,0.375,0.5,0.75,0.875,1,1.125,1.25,1.375,1.5,1.625,1.75,1.875,2,2.125,2.25,2.375,2.5,2.625,2.75,2.875,3,3.125,3.25,3.375,3.5,3.625,3.75,3.875,4",,
,"APPLESAUCE,UNSWTND",cup,1,244,105,0.4,0.1,27.5,2.9,GROCERY,"0.125,0.25,0.375,0.5,0.625,0.75,0.875,1.125,1.25,1.375,1.5,1.625,1.75,1.875,2,2.125,2.25,2.375,2.5,2.625,2.75,2.875,3,3.125,3.25,3.375,3.5,3.625,3.75,3.875,4",,
,"ORANGES,RAW",cup,0.25,46,22,0.4,0.1,5.4,1.1,GROCERY,"0.125,0.375,0.5,0.625,0.75,0.875,1,1.125,1.25,1.375,1.5,1.625,1.75,1.875,2,2.125,2.25,2.375,2.5,2.625,2.75,2.875,3,3.125,3.25,3.375,3.5,3.625,3.75,3.875,4",,
Poultry,"CHICKEN BREAST,NO SKIN,RAW",oz,1,28.4,31,6.6,0.4,0,0,GROCERY,"0.5,1,1.5,2,2.5,3,3.5,4,4.5,5,5.5,6,6.5,7,7.5,8,8.5,9,9.5,10,10.5,11,11.5,12,12.5,13,13.5,14","2,5",
,"CHICKEN,GROUND,RAW",lb,0.125,57,82,9.9,4.6,0,0,GROCERY,"0.25,0.375,0.5,0.625,0.75,0.875,1,1.125,1.25,1.375,1.5,1.625,1.75,1.875,2,2.125,2.25,2.375,2.5,2.625,2.75,2.875,3,3.125,3.25,3.375,3.5,3.625,3.75,3.875,4",,
,"TURKEY BREAST,MEAT ONLY,RAW",oz,1,28.4,32,7,0.2,0,0,GROCERY,"0.5,1,1.5,2,2.5,3,3.5,4,4.5,5,5.5,6,6.5,7,7.5,8,8.5,9,9.5,10,10.5,11,11.5,12,12.5,13,13.5,14",4,
"Meat (Beef, Lamb, Venison, etc)","BEEF,GROUND, 5% FAT,RAW",lb,0.125,57,78,12.2,2.9,0,0,GROCERY,"0.25,0.375,0.5,0.625,0.75,0.875,1,1.125,1.25,1.375,1.5,1.625,1.75,1.875,2,2.125,2.25,2.375,2.5,2.625,2.75,2.875,3,3.125,3.25,3.375,3.5,3.625,3.75,3.875,4",,
,"LAMB,CUBED (LEG&SHLDR),RAW",oz,0.5,14.2,19,2.9,0.7,0,0,GROCERY,"0.125,0.25,0.375,0.625,0.75,0.875,1,1.125,1.25,1.375,1.5,1.625,1.75,1.875,2,2.125,2.25,2.375,2.5,2.625,2.75,2.875,3,3.125,3.25,3.375,3.5,3.625,3.75,3.875,4",,
,"BEEF,T-BONE,RAW",lb,0.25,114,165,23.9,7,0,0,GROCERY,"0.125,0.25,0.375,0.625,0.75,0.875,1,1.125,1.25,1.375,1.5,1.625,1.75,1.875,2,2.125,2.25,2.375,2.5,2.625,2.75,2.875,3,3.125,3.25,3.375,3.5,3.625,3.75,3.875,4",,
,"BEEF,GROUND 20% FAT,RAW",lb,1,456,1158,78.3,91.2,0,0,GROCERY,"0.125,0.25,0.375,0.5,0.625,0.75,0.875,1.125,1.25,1.375,1.5,1.625,1.75,1.875,2,2.125,2.25,2.375,2.5,2.625,2.75,2.875,3,3.125,3.25,3.375,3.5,3.625,3.75,3.875,4",,
,"LAMB,LEG,SIRLOIN HALF,LN,RAW",oz,1,28.4,38,5.8,1.4,0,0,GROCERY,"0.125,0.25,0.375,0.5,0.625,0.75,0.875,1.125,1.25,1.375,1.5,1.625,1.75,1.875,2,2.125,2.25,2.375,2.5,2.625,2.75,2.875,3,3.125,3.25,3.375,3.5,3.625,3.75,3.875,4",,
Processed Meat,TURKEY BREAST MEAT,slice,1,21,22,3.6,0.3,0.9,0.1,GROCERY,"0.5,1,1.5,2,2.5,3,3.5,4,4.5,5,5.5,6,6.5,7,7.5,8,8.5,9,9.5,10,10.5,11,11.5,12,12.5,13,13.5,14",3,
,CHICKEN BREAST OVEN-ROAST,slice,1,21,17,3.5,0.1,0.5,0,GROCERY,"0.5,1,1.5,2,2.5,3,3.5,4,4.5,5,5.5,6,6.5,7,7.5,8,8.5,9,9.5,10,10.5,11,11.5,12,12.5,13,13.5,14",,
Nuts & Seeds,"ALMOND BUTTER,PLAIN,WO/SALT",cup,1,250,1583,37.7,147.8,53.1,9.3,GROCERY,"0.125,0.25,0.375,0.5,0.625,0.75,0.875,1.125,1.25,1.375,1.5,1.625,1.75,1.875,2,2.125,2.25,2.375,2.5,2.625,2.75,2.875,3,3.125,3.25,3.375,3.5,3.625,3.75,3.875,4",3,
,ALMONDS,cup,1,95,546,20.2,46.9,20.6,11.3,GROCERY,"0.125,0.25,0.375,0.5,0.625,0.75,0.875,1.125,1.25,1.375,1.5,1.625,1.75,1.875,2,2.125,2.25,2.375,2.5,2.625,2.75,2.875,3,3.125,3.25,3.375,3.5,3.625,3.75,3.875,4",,
,"BRAZILNUTS,DRIED,UNBLANCHED",cup,1,133.3,874,19.1,88.6,16.4,10,GROCERY,"0.125,0.25,0.375,0.5,0.625,0.75,0.875,1.125,1.25,1.375,1.5,1.625,1.75,1.875,2,2.125,2.25,2.375,2.5,2.625,2.75,2.875,3,3.125,3.25,3.375,3.5,3.625,3.75,3.875,4",,
,"CASHEW NUTS,RAW",oz,1,28.4,157,5.2,12.5,8.6,0.9,GROCERY,"0.125,0.25,0.375,0.5,0.625,0.75,0.875,1.125,1.25,1.375,1.5,1.625,1.75,1.875,2,2.125,2.25,2.375,2.5,2.625,2.75,2.875,3,3.125,3.25,3.375,3.5,3.625,3.75,3.875,4",,
,HAZELNUTS OR FILBERTS,cup,1,115,722,17.2,69.9,19.2,11.2,GROCERY,"0.125,0.25,0.375,0.5,0.625,0.75,0.875,1.125,1.25,1.375,1.5,1.625,1.75,1.875,2,2.125,2.25,2.375,2.5,2.625,2.75,2.875,3,3.125,3.25,3.375,3.5,3.625,3.75,3.875,4",,
,PECANS,cup,1,109.5,757,10,78.8,15.2,10.5,GROCERY,"0.125,0.25,0.375,0.5,0.625,0.75,0.875,1.125,1.25,1.375,1.5,1.625,1.75,1.875,2,2.125,2.25,2.375,2.5,2.625,2.75,2.875,3,3.125,3.25,3.375,3.5,3.625,3.75,3.875,4",,
,"PEANUTS,ALL TYPES,RAW",cup,0.125,18.3,103,4.7,9,2.9,1.6,GROCERY,"0.25,0.375,0.5,0.625,0.75,0.875,1,1.125,1.25,1.375,1.5,1.625,1.75,1.875,2,2.125,2.25,2.375,2.5,2.625,2.75,2.875,3,3.125,3.25,3.375,3.5,3.625,3.75,3.875,4",,
,"WALNUTS,ENGLISH",cup,1,117.1,766,17.8,76.4,16.1,7.8,GROCERY,"0.125,0.25,0.375,0.5,0.625,0.75,0.875,1.125,1.25,1.375,1.5,1.625,1.75,1.875,2,2.125,2.25,2.375,2.5,2.625,2.75,2.875,3,3.125,3.25,3.375,3.5,3.625,3.75,3.875,4",,
Pasta & Rice,"MACARONI,WHOLE-WHEAT,DRY",cup,1,105,365,15.4,1.5,78.8,8.7,GROCERY,"0.125,0.25,0.375,0.5,0.625,0.75,0.875,1.125,1.25,1.375,1.5,1.625,1.75,1.875,2,2.125,2.25,2.375,2.5,2.625,2.75,2.875,3,3.125,3.25,3.375,3.5,3.625,3.75,3.875,4",,
,"MACARONI,DRY,ENR",cup,1,105,390,13.7,1.6,78.4,3.4,GROCERY,"0.125,0.25,0.375,0.5,0.625,0.75,0.875,1.125,1.25,1.375,1.5,1.625,1.75,1.875,2,2.125,2.25,2.375,2.5,2.625,2.75,2.875,3,3.125,3.25,3.375,3.5,3.625,3.75,3.875,4",,
,"PASTA, WHOLE WHEAT",cup,0.75,54,197,7.6,1,39.4,5.1,GROCERY,"0.125,0.25,0.375,0.5,0.625,0.875,1,1.125,1.25,1.375,1.5,1.625,1.75,1.875,2,2.125,2.25,2.375,2.5,2.625,2.75,2.875,3,3.125,3.25,3.375,3.5,3.625,3.75,3.875,4",,
,"PASTA,CORN,DRY",cup,1,105,375,7.8,2.2,83.2,11.6,GROCERY,"0.125,0.25,0.375,0.5,0.625,0.75,0.875,1.125,1.25,1.375,1.5,1.625,1.75,1.875,2,2.125,2.25,2.375,2.5,2.625,2.75,2.875,3,3.125,3.25,3.375,3.5,3.625,3.75,3.875,4",,
,"RICE,BROWN,MEDIUM-GRAIN,RAW",cup,0.25,47.5,172,3.6,1.3,36.2,1.6,GROCERY,"0.125,0.375,0.5,0.625,0.75,0.875,1,1.125,1.25,1.375,1.5,1.625,1.75,1.875,2,2.125,2.25,2.375,2.5,2.625,2.75,2.875,3,3.125,3.25,3.375,3.5,3.625,3.75,3.875,4","2,4,5",
,"RICE,WHITE,LONG-GRAIN,DRY",cup,1,186,696,15.1,1.9,149.6,4.1,GROCERY,"0.125,0.25,0.375,0.5,0.625,0.75,0.875,1.125,1.25,1.375,1.5,1.625,1.75,1.875,2,2.125,2.25,2.375,2.5,2.625,2.75,2.875,3,3.125,3.25,3.375,3.5,3.625,3.75,3.875,4",,
,"SPAGHETTI,DRY,ENRICHED",oz,1,28.5,106,3.7,0.4,21.3,1,GROCERY,"0.125,0.25,0.375,0.5,0.625,0.75,0.875,1.125,1.25,1.375,1.5,1.625,1.75,1.875,2,2.125,2.25,2.375,2.5,2.625,2.75,2.875,3,3.125,3.25,3.375,3.5,3.625,3.75,3.875,4",,
,"NOODLES,EGG,DRY,ENRICHED",cup,1,38,146,5.4,1.7,27.1,1.3,GROCERY,"0.125,0.25,0.375,0.5,0.625,0.75,0.875,1.125,1.25,1.375,1.5,1.625,1.75,1.875,2,2.125,2.25,2.375,2.5,2.625,2.75,2.875,3,3.125,3.25,3.375,3.5,3.625,3.75,3.875,4",,
"Salad Dressing, Oil & Fats","OIL,OLIVE",tbsp,1,14,124,0,14,0,0,GROCERY,"0.125,0.25,0.375,0.5,0.625,0.75,0.875,1.125,1.25,1.375,1.5,1.625,1.75,1.875,2,2.125,2.25,2.375,2.5,2.625,2.75,2.875,3,3.125,3.25,3.375,3.5,3.625,3.75,3.875,4","2,4,5",
,"SALAD DRSNG,ITALIAN RED FAT",tbsp,1,15,11,0.1,1,0.7,0,GROCERY,"0.125,0.25,0.375,0.5,0.625,0.75,0.875,1.125,1.25,1.375,1.5,1.625,1.75,1.875,2,2.125,2.25,2.375,2.5,2.625,2.75,2.875,3,3.125,3.25,3.375,3.5,3.625,3.75,3.875,4",,
,"SALAD DRSNG, MIRACLE WHIP",tbsp,1,16,13,0,0.4,2.5,0.3,GROCERY,"0.125,0.25,0.375,0.5,0.625,0.75,0.875,1.125,1.25,1.375,1.5,1.625,1.75,1.875,2,2.125,2.25,2.375,2.5,2.625,2.75,2.875,3,3.125,3.25,3.375,3.5,3.625,3.75,3.875,4",3,
Soups & Sauces,"SAUCE,SALSA",tbsp,5,80,22,1.2,0.1,5,1.3,GROCERY,"0.5,1,1.5,2,2.5,3,3.5,4,4.5,5,5.5,6,6.5,7,7.5,8,8.5,9,9.5,10",,
,"SOUP,BEEF NOODLE",cup,1,251,168,9.7,6.2,18,1.5,GROCERY,"0.125,0.375,0.5,0.625,0.75,0.875,1,1.125,1.25,1.375,1.5,1.625,1.75,1.875,2,2.125,2.25,2.375,2.5,2.625,2.75,2.875,3,3.125,3.25,3.375,3.5,3.625,3.75,3.875,4",,
Beverages,Sports Drink (i.e. Gatorade),cup,0.25,61,16.5,0,0.05,4.125,0,GROCERY,"0.125,0.375,0.5,0.625,0.75,0.875,1,1.125,1.25,1.375,1.5,1.625,1.75,1.875,2,2.125,2.25,2.375,2.5,2.625,2.75,2.875,3,3.125,3.25,3.375,3.5,3.625,3.75,3.875,4",7,
,Protein Powder,scoop,1,30,120,23,2,3,0,GROCERY,"0.125,0.25,0.375,0.5,0.625,0.75,0.875,1.125,1.25,1.375,1.5,1.625,1.75,1.875,2,2.125,2.25,2.375,2.5,2.625,2.75,2.875,3,3.125,3.25,3.375,3.5,3.625,3.75,3.875,4",7,
,WATER,cup,1,237,0,0,0,0,0,GROCERY,"0.125,0.25,0.375,0.5,0.625,0.75,0.875,1.125,1.25,1.375,1.5,1.625,1.75,1.875,2,2.125,2.25,2.375,2.5,2.625,2.75,2.875,3,3.125,3.25,3.375,3.5,3.625,3.75,3.875,4",1,
Sandwiches with Meat,BLT Sandwich with Spread,ea,1,,344,11.64,17.4,35.03,2.5,RESTAURANT,"0.5,1.5,2,2.5,3",,
,Bologna Sandwich with Spread,ea,1,,252,8.09,12.08,27.29,1.2,RESTAURANT,"0.5,1.5,2,2.5,3",,
,Chicken Sandwich,ea,1,,252,20.9,6.54,26.23,1.2,RESTAURANT,"0.5,1.5,2,2.5,3",,
,Ham and Cheese Sandwich,ea,1,,352,20.69,15.48,33.35,,RESTAURANT,"0.5,1.5,2,2.5,3",,
,Roast Beef Sandwich,ea,1,,341,26.85,13.49,26.02,1.2,RESTAURANT,"0.5,1.5,2,2.5,3",,
,Turkey Sandwich,ea,1,,308,28.11,8.94,26.7,1.2,RESTAURANT,"0.5,1.5,2,2.5,3",,
Sandwiches without Meat,Cheese Sandwich,ea,1,,261,9.1,12.67,27.6,1.2,RESTAURANT,"0.5,1.5,2,2.5,3",,
,Egg Salad Sandwich,ea,1,,485,13.72,34.76,28.33,1.3,RESTAURANT,"0.5,1.5,2,2.5,3",,
,Grilled Cheese Sandwich,ea,1,,291,9.16,15.77,27.85,1.2,RESTAURANT,"0.5,1.5,2,2.5,3",,
Sandwiches with Fish,Fish Sandwich with Cheese and Spread,ea,1,,596,27.24,30.45,52.12,2.3,RESTAURANT,"0.5,1.5,2,2.5,3",,
,Tuna Melt Sandwich,ea,1,,350,20.07,16.35,30.18,1.4,RESTAURANT,"0.5,1.5,2,2.5,3",,
,Tuna Salad Sandwich,ea,1,,287,19.01,7.17,36.38,1.7,RESTAURANT,"0.5,1.5,2,2.5,3",,
,Tuna Salad Sandwich with Lettuce,ea,1,,289,19.1,7.18,36.67,1.8,RESTAURANT,"0.5,1.5,2,2.5,3",,
Sandwiches with Meat,BLT Sandwich with Spread,ea,1,,344,11.64,17.4,35.03,2.5,COOKBOOK,"0.5,1.5,2,2.5,3",,
,Bologna Sandwich with Spread,ea,1,,252,8.09,12.08,27.29,1.2,COOKBOOK,"0.5,1.5,2,2.5,3",,
,Chicken Sandwich,ea,1,,252,20.9,6.54,26.23,1.2,COOKBOOK,"0.5,1.5,2,2.5,3",,
,Ham and Cheese Sandwich,ea,1,,352,20.69,15.48,33.35,,COOKBOOK,"0.5,1.5,2,2.5,3",,
,Roast Beef Sandwich,ea,1,,341,26.85,13.49,26.02,1.2,COOKBOOK,"0.5,1.5,2,2.5,3",,
,Turkey Sandwich,ea,1,,308,28.11,8.94,26.7,1.2,COOKBOOK,"0.5,1.5,2,2.5,3",,
Sandwiches without Meat,Cheese Sandwich,ea,1,,261,9.1,12.67,27.6,1.2,COOKBOOK,"0.5,1.5,2,2.5,3",,
,Egg Salad Sandwich,ea,1,,485,13.72,34.76,28.33,1.3,COOKBOOK,"0.5,1.5,2,2.5,3",,
,Grilled Cheese Sandwich,ea,1,,291,9.16,15.77,27.85,1.2,COOKBOOK,"0.5,1.5,2,2.5,3",,
Sandwiches with Fish,Fish Sandwich with Cheese and Spread,ea,1,,596,27.24,30.45,52.12,2.3,COOKBOOK,"0.5,1.5,2,2.5,3",,
,Tuna Melt Sandwich,ea,1,,350,20.07,16.35,30.18,1.4,COOKBOOK,"0.5,1.5,2,2.5,3",,
,Tuna Salad Sandwich,ea,1,,287,19.01,7.17,36.38,1.7,COOKBOOK,"0.5,1.5,2,2.5,3",,
,Tuna Salad Sandwich with Lettuce,ea,1,,289,19.1,7.18,36.67,1.8,COOKBOOK,"0.5,1.5,2,2.5,3",,